Username,Password,Name,Age,Gender,Address,Mail,City,Region,Pincode,State,Created_on
"{ ""$undefined"": true }","{ ""$undefined"": true }",radya,34,Female,C/202 Shree Samartha Krupa Nandivili Road,pushkar@gmail.com,Dombivili,Mumbai,421201,Maharashtra,2022-08-23T15:09:23.713Z
Kamlesh,rfsfvfvffv,Pushkar,13,Male,C/202 Shree Samartha Krupa Nandivili Road,pushkar@gmail.com,Dombivili,Mumbai,421201,Maharashtra,2022-08-23T15:09:23.741Z
Mahesh,atshlwhf,Pushkar,13,Female,C/202 Shree Samartha Krupa Nandivili Road,hagray@gmail.com,Dombivili,Mumbai,421201,Maharashtra,2022-08-23T15:09:23.741Z
Suresh,"{ ""$undefined"": true }",radya,34,Male,C/202 Shree Samartha Krupa Nandivili Road,hagray@gmail.com,Dombivili,Mumbai,421201,Maharashtra,2022-08-23T15:09:23.742Z
Mahesh,erfrefre,radya,34,Male,C/202 Shree Samartha Krupa Nandivili Road,walimbe@gmail.com,Dombivili,Mumbai,421201,Maharashtra,2022-08-23T15:09:23.743Z
"{ ""$undefined"": true }",rfsfvfvffv,"{ ""$undefined"": true }",34,Male,C/202 Shree Samartha Krupa Nandivili Road,hagray@gmail.com,Dombivili,Mumbai,421201,Maharashtra,2022-08-23T15:09:23.743Z
"{ ""$undefined"": true }",rfsfvfvffv,"{ ""$undefined"": true }",13,Male,C/202 Shree Samartha Krupa Nandivili Road,hagray@gmail.com,Dombivili,Mumbai,421201,Maharashtra,2022-08-23T15:09:23.744Z
Suresh,"{ ""$undefined"": true }",hagraya,13,Female,C/202 Shree Samartha Krupa Nandivili Road,atharvdesai2002@gmail.com,Dombivili,Mumbai,421201,Maharashtra,2022-08-23T15:09:23.744Z
Kamlesh,wrffsdfdsdf,"{ ""$undefined"": true }",34,Male,C/202 Shree Samartha Krupa Nandivili Road,atharvdesai2002@gmail.com,Dombivili,Mumbai,421201,Maharashtra,2022-08-23T15:09:23.745Z
"{ ""$undefined"": true }","{ ""$undefined"": true }",hagraya,20,Female,C/202 Shree Samartha Krupa Nandivili Road,atharvdesai2002@gmail.com,Dombivili,Mumbai,421201,Maharashtra,2022-08-23T15:09:23.745Z
"{ ""$undefined"": true }",erfrefre,radya,13,Male,C/202 Shree Samartha Krupa Nandivili Road,atharvdesai2002@gmail.com,Dombivili,Mumbai,421201,Maharashtra,2022-08-23T15:09:23.746Z
"{ ""$undefined"": true }","{ ""$undefined"": true }",Atharv,34,Female,C/202 Shree Samartha Krupa Nandivili Road,pushkar@gmail.com,Dombivili,Mumbai,421201,Maharashtra,2022-08-23T15:09:23.747Z
Mahesh,"{ ""$undefined"": true }","{ ""$undefined"": true }",13,Male,C/202 Shree Samartha Krupa Nandivili Road,walimbe@gmail.com,Dombivili,Mumbai,421201,Maharashtra,2022-08-23T15:09:23.748Z
Rajesh,atshlwhf,"{ ""$undefined"": true }",20,Female,C/202 Shree Samartha Krupa Nandivili Road,atharvdesai2002@gmail.com,Dombivili,Mumbai,421201,Maharashtra,2022-08-23T15:09:23.749Z
Kamlesh,erfrefre,Atharv,34,Male,C/202 Shree Samartha Krupa Nandivili Road,atharvdesai2002@gmail.com,Dombivili,Mumbai,421201,Maharashtra,2022-08-23T15:09:23.749Z
"{ ""$undefined"": true }","{ ""$undefined"": true }","{ ""$undefined"": true }",13,Male,C/202 Shree Samartha Krupa Nandivili Road,pushkar@gmail.com,Dombivili,Mumbai,421201,Maharashtra,2022-08-23T15:09:23.750Z
"{ ""$undefined"": true }","{ ""$undefined"": true }","{ ""$undefined"": true }",13,Female,C/202 Shree Samartha Krupa Nandivili Road,walimbe@gmail.com,Dombivili,Mumbai,421201,Maharashtra,2022-08-23T15:09:23.750Z
Mahesh,"{ ""$undefined"": true }","{ ""$undefined"": true }",20,Female,C/202 Shree Samartha Krupa Nandivili Road,pushkar@gmail.com,Dombivili,Mumbai,421201,Maharashtra,2022-08-23T15:09:23.751Z
Suresh,"{ ""$undefined"": true }",radya,34,Female,C/202 Shree Samartha Krupa Nandivili Road,atharvdesai2002@gmail.com,Dombivili,Mumbai,421201,Maharashtra,2022-08-23T15:09:23.751Z
"{ ""$undefined"": true }","{ ""$undefined"": true }","{ ""$undefined"": true }",34,Male,C/202 Shree Samartha Krupa Nandivili Road,walimbe@gmail.com,Dombivili,Mumbai,421201,Maharashtra,2022-08-23T15:09:23.752Z
Mahesh,erfrefre,Pushkar,34,Male,C/202 Shree Samartha Krupa Nandivili Road,atharvdesai2002@gmail.com,Dombivili,Mumbai,421201,Maharashtra,2022-08-23T15:09:23.752Z
Kamlesh,"{ ""$undefined"": true }","{ ""$undefined"": true }",34,Female,C/202 Shree Samartha Krupa Nandivili Road,pushkar@gmail.com,Dombivili,Mumbai,421201,Maharashtra,2022-08-23T15:09:23.753Z
Rajesh,"{ ""$undefined"": true }",radya,34,Female,C/202 Shree Samartha Krupa Nandivili Road,hagray@gmail.com,Dombivili,Mumbai,421201,Maharashtra,2022-08-23T15:09:23.754Z
"{ ""$undefined"": true }","{ ""$undefined"": true }",hagraya,13,Female,C/202 Shree Samartha Krupa Nandivili Road,pushkar@gmail.com,Dombivili,Mumbai,421201,Maharashtra,2022-08-23T15:09:23.755Z
Mahesh,"{ ""$undefined"": true }",Pushkar,20,Male,C/202 Shree Samartha Krupa Nandivili Road,walimbe@gmail.com,Dombivili,Mumbai,421201,Maharashtra,2022-08-23T15:09:23.755Z
Kamlesh,"{ ""$undefined"": true }","{ ""$undefined"": true }",34,Female,C/202 Shree Samartha Krupa Nandivili Road,hagray@gmail.com,Dombivili,Mumbai,421201,Maharashtra,2022-08-23T15:09:23.756Z
"{ ""$undefined"": true }","{ ""$undefined"": true }",hagraya,20,Male,C/202 Shree Samartha Krupa Nandivili Road,walimbe@gmail.com,Dombivili,Mumbai,421201,Maharashtra,2022-08-23T15:09:23.756Z
"{ ""$undefined"": true }","{ ""$undefined"": true }",hagraya,34,Female,C/202 Shree Samartha Krupa Nandivili Road,atharvdesai2002@gmail.com,Dombivili,Mumbai,421201,Maharashtra,2022-08-23T15:09:23.757Z
Kamlesh,"{ ""$undefined"": true }",Pushkar,13,Male,C/202 Shree Samartha Krupa Nandivili Road,walimbe@gmail.com,Dombivili,Mumbai,421201,Maharashtra,2022-08-23T15:09:23.757Z
Mahesh,"{ ""$undefined"": true }",Pushkar,13,Male,C/202 Shree Samartha Krupa Nandivili Road,hagray@gmail.com,Dombivili,Mumbai,421201,Maharashtra,2022-08-23T15:09:23.758Z
"{ ""$undefined"": true }",atshlwhf,hagraya,20,Female,C/202 Shree Samartha Krupa Nandivili Road,hagray@gmail.com,Dombivili,Mumbai,421201,Maharashtra,2022-08-23T15:09:23.758Z
Suresh,atshlwhf,Atharv,34,Female,C/202 Shree Samartha Krupa Nandivili Road,hagray@gmail.com,Dombivili,Mumbai,421201,Maharashtra,2022-08-23T15:09:23.759Z
"{ ""$undefined"": true }",rfsfvfvffv,Pushkar,20,Male,C/202 Shree Samartha Krupa Nandivili Road,atharvdesai2002@gmail.com,Dombivili,Mumbai,421201,Maharashtra,2022-08-23T15:09:23.759Z
"{ ""$undefined"": true }",rfsfvfvffv,"{ ""$undefined"": true }",20,Female,C/202 Shree Samartha Krupa Nandivili Road,hagray@gmail.com,Dombivili,Mumbai,421201,Maharashtra,2022-08-23T15:09:23.760Z
"{ ""$undefined"": true }","{ ""$undefined"": true }",Pushkar,34,Female,C/202 Shree Samartha Krupa Nandivili Road,pushkar@gmail.com,Dombivili,Mumbai,421201,Maharashtra,2022-08-23T15:09:23.760Z
Mahesh,"{ ""$undefined"": true }",Pushkar,13,Male,C/202 Shree Samartha Krupa Nandivili Road,pushkar@gmail.com,Dombivili,Mumbai,421201,Maharashtra,2022-08-23T15:09:23.761Z
Rajesh,wrffsdfdsdf,Pushkar,13,Female,C/202 Shree Samartha Krupa Nandivili Road,pushkar@gmail.com,Dombivili,Mumbai,421201,Maharashtra,2022-08-23T15:09:23.762Z
"{ ""$undefined"": true }",atshlwhf,Pushkar,20,Female,C/202 Shree Samartha Krupa Nandivili Road,pushkar@gmail.com,Dombivili,Mumbai,421201,Maharashtra,2022-08-23T15:09:23.762Z
"{ ""$undefined"": true }",erfrefre,Atharv,13,Male,C/202 Shree Samartha Krupa Nandivili Road,atharvdesai2002@gmail.com,Dombivili,Mumbai,421201,Maharashtra,2022-08-23T15:09:23.763Z
Kamlesh,wrffsdfdsdf,Atharv,20,Male,C/202 Shree Samartha Krupa Nandivili Road,pushkar@gmail.com,Dombivili,Mumbai,421201,Maharashtra,2022-08-23T15:09:23.764Z
"{ ""$undefined"": true }",atshlwhf,Pushkar,34,Female,C/202 Shree Samartha Krupa Nandivili Road,atharvdesai2002@gmail.com,Dombivili,Mumbai,421201,Maharashtra,2022-08-23T15:09:23.764Z
Rajesh,"{ ""$undefined"": true }","{ ""$undefined"": true }",20,Male,C/202 Shree Samartha Krupa Nandivili Road,pushkar@gmail.com,Dombivili,Mumbai,421201,Maharashtra,2022-08-23T15:09:23.765Z
Kamlesh,atshlwhf,"{ ""$undefined"": true }",20,Female,C/202 Shree Samartha Krupa Nandivili Road,hagray@gmail.com,Dombivili,Mumbai,421201,Maharashtra,2022-08-23T15:09:23.765Z
Suresh,"{ ""$undefined"": true }",Pushkar,34,Female,C/202 Shree Samartha Krupa Nandivili Road,pushkar@gmail.com,Dombivili,Mumbai,421201,Maharashtra,2022-08-23T15:09:23.766Z
Suresh,"{ ""$undefined"": true }",Pushkar,34,Female,C/202 Shree Samartha Krupa Nandivili Road,hagray@gmail.com,Dombivili,Mumbai,421201,Maharashtra,2022-08-23T15:09:23.766Z
"{ ""$undefined"": true }","{ ""$undefined"": true }",radya,34,Female,C/202 Shree Samartha Krupa Nandivili Road,atharvdesai2002@gmail.com,Dombivili,Mumbai,421201,Maharashtra,2022-08-23T15:09:23.767Z
Mahesh,"{ ""$undefined"": true }",radya,20,Male,C/202 Shree Samartha Krupa Nandivili Road,hagray@gmail.com,Dombivili,Mumbai,421201,Maharashtra,2022-08-23T15:09:23.767Z
Rajesh,wrffsdfdsdf,"{ ""$undefined"": true }",34,Male,C/202 Shree Samartha Krupa Nandivili Road,pushkar@gmail.com,Dombivili,Mumbai,421201,Maharashtra,2022-08-23T15:09:23.768Z
"{ ""$undefined"": true }",wrffsdfdsdf,"{ ""$undefined"": true }",34,Female,C/202 Shree Samartha Krupa Nandivili Road,pushkar@gmail.com,Dombivili,Mumbai,421201,Maharashtra,2022-08-23T15:09:23.769Z
"{ ""$undefined"": true }",erfrefre,Pushkar,20,Male,C/202 Shree Samartha Krupa Nandivili Road,walimbe@gmail.com,Dombivili,Mumbai,421201,Maharashtra,2022-08-23T15:09:23.769Z
Rajesh,"{ ""$undefined"": true }",Pushkar,34,Female,C/202 Shree Samartha Krupa Nandivili Road,walimbe@gmail.com,Dombivili,Mumbai,421201,Maharashtra,2022-08-23T15:09:23.770Z
"{ ""$undefined"": true }","{ ""$undefined"": true }",hagraya,20,Female,C/202 Shree Samartha Krupa Nandivili Road,walimbe@gmail.com,Dombivili,Mumbai,421201,Maharashtra,2022-08-23T15:09:23.770Z
Kamlesh,atshlwhf,Atharv,34,Male,C/202 Shree Samartha Krupa Nandivili Road,pushkar@gmail.com,Dombivili,Mumbai,421201,Maharashtra,2022-08-23T15:09:23.771Z
Suresh,wrffsdfdsdf,radya,34,Female,C/202 Shree Samartha Krupa Nandivili Road,hagray@gmail.com,Dombivili,Mumbai,421201,Maharashtra,2022-08-23T15:09:23.771Z
"{ ""$undefined"": true }","{ ""$undefined"": true }","{ ""$undefined"": true }",13,Female,C/202 Shree Samartha Krupa Nandivili Road,walimbe@gmail.com,Dombivili,Mumbai,421201,Maharashtra,2022-08-23T15:09:23.772Z
Mahesh,"{ ""$undefined"": true }",Atharv,34,Male,C/202 Shree Samartha Krupa Nandivili Road,hagray@gmail.com,Dombivili,Mumbai,421201,Maharashtra,2022-08-23T15:09:23.772Z
"{ ""$undefined"": true }",wrffsdfdsdf,"{ ""$undefined"": true }",20,Female,C/202 Shree Samartha Krupa Nandivili Road,walimbe@gmail.com,Dombivili,Mumbai,421201,Maharashtra,2022-08-23T15:09:23.773Z
"{ ""$undefined"": true }",atshlwhf,hagraya,34,Female,C/202 Shree Samartha Krupa Nandivili Road,pushkar@gmail.com,Dombivili,Mumbai,421201,Maharashtra,2022-08-23T15:09:23.773Z
Kamlesh,atshlwhf,hagraya,13,Male,C/202 Shree Samartha Krupa Nandivili Road,hagray@gmail.com,Dombivili,Mumbai,421201,Maharashtra,2022-08-23T15:09:23.774Z
Mahesh,erfrefre,"{ ""$undefined"": true }",20,Male,C/202 Shree Samartha Krupa Nandivili Road,walimbe@gmail.com,Dombivili,Mumbai,421201,Maharashtra,2022-08-23T15:09:23.774Z
Mahesh,"{ ""$undefined"": true }",Atharv,34,Male,C/202 Shree Samartha Krupa Nandivili Road,pushkar@gmail.com,Dombivili,Mumbai,421201,Maharashtra,2022-08-23T15:09:23.775Z
Kamlesh,rfsfvfvffv,"{ ""$undefined"": true }",20,Female,C/202 Shree Samartha Krupa Nandivili Road,hagray@gmail.com,Dombivili,Mumbai,421201,Maharashtra,2022-08-23T15:09:23.775Z
Mahesh,wrffsdfdsdf,Pushkar,34,Male,C/202 Shree Samartha Krupa Nandivili Road,atharvdesai2002@gmail.com,Dombivili,Mumbai,421201,Maharashtra,2022-08-23T15:09:23.776Z
Mahesh,rfsfvfvffv,Pushkar,34,Male,C/202 Shree Samartha Krupa Nandivili Road,hagray@gmail.com,Dombivili,Mumbai,421201,Maharashtra,2022-08-23T15:09:23.776Z
Rajesh,atshlwhf,hagraya,13,Female,C/202 Shree Samartha Krupa Nandivili Road,hagray@gmail.com,Dombivili,Mumbai,421201,Maharashtra,2022-08-23T15:09:23.777Z
Rajesh,erfrefre,"{ ""$undefined"": true }",34,Male,C/202 Shree Samartha Krupa Nandivili Road,atharvdesai2002@gmail.com,Dombivili,Mumbai,421201,Maharashtra,2022-08-23T15:09:23.778Z
"{ ""$undefined"": true }","{ ""$undefined"": true }",Atharv,13,Female,C/202 Shree Samartha Krupa Nandivili Road,walimbe@gmail.com,Dombivili,Mumbai,421201,Maharashtra,2022-08-23T15:09:23.778Z
Mahesh,wrffsdfdsdf,radya,20,Male,C/202 Shree Samartha Krupa Nandivili Road,atharvdesai2002@gmail.com,Dombivili,Mumbai,421201,Maharashtra,2022-08-23T15:09:23.779Z
"{ ""$undefined"": true }",erfrefre,Atharv,34,Female,C/202 Shree Samartha Krupa Nandivili Road,hagray@gmail.com,Dombivili,Mumbai,421201,Maharashtra,2022-08-23T15:09:23.779Z
"{ ""$undefined"": true }","{ ""$undefined"": true }","{ ""$undefined"": true }",20,Male,C/202 Shree Samartha Krupa Nandivili Road,pushkar@gmail.com,Dombivili,Mumbai,421201,Maharashtra,2022-08-23T15:09:23.780Z
"{ ""$undefined"": true }","{ ""$undefined"": true }",Pushkar,20,Female,C/202 Shree Samartha Krupa Nandivili Road,walimbe@gmail.com,Dombivili,Mumbai,421201,Maharashtra,2022-08-23T15:09:23.781Z
Kamlesh,atshlwhf,radya,13,Female,C/202 Shree Samartha Krupa Nandivili Road,walimbe@gmail.com,Dombivili,Mumbai,421201,Maharashtra,2022-08-23T15:09:23.781Z
Mahesh,rfsfvfvffv,radya,34,Female,C/202 Shree Samartha Krupa Nandivili Road,hagray@gmail.com,Dombivili,Mumbai,421201,Maharashtra,2022-08-23T15:09:23.782Z
"{ ""$undefined"": true }","{ ""$undefined"": true }",Atharv,13,Male,C/202 Shree Samartha Krupa Nandivili Road,pushkar@gmail.com,Dombivili,Mumbai,421201,Maharashtra,2022-08-23T15:09:23.782Z
Kamlesh,erfrefre,Atharv,13,Female,C/202 Shree Samartha Krupa Nandivili Road,walimbe@gmail.com,Dombivili,Mumbai,421201,Maharashtra,2022-08-23T15:09:23.783Z
Suresh,"{ ""$undefined"": true }",hagraya,34,Male,C/202 Shree Samartha Krupa Nandivili Road,hagray@gmail.com,Dombivili,Mumbai,421201,Maharashtra,2022-08-23T15:09:23.783Z
"{ ""$undefined"": true }",atshlwhf,Atharv,13,Male,C/202 Shree Samartha Krupa Nandivili Road,atharvdesai2002@gmail.com,Dombivili,Mumbai,421201,Maharashtra,2022-08-23T15:09:23.784Z
Rajesh,rfsfvfvffv,hagraya,34,Female,C/202 Shree Samartha Krupa Nandivili Road,atharvdesai2002@gmail.com,Dombivili,Mumbai,421201,Maharashtra,2022-08-23T15:09:23.785Z
"{ ""$undefined"": true }","{ ""$undefined"": true }","{ ""$undefined"": true }",13,Male,C/202 Shree Samartha Krupa Nandivili Road,hagray@gmail.com,Dombivili,Mumbai,421201,Maharashtra,2022-08-23T15:09:23.785Z
Kamlesh,"{ ""$undefined"": true }","{ ""$undefined"": true }",34,Male,C/202 Shree Samartha Krupa Nandivili Road,walimbe@gmail.com,Dombivili,Mumbai,421201,Maharashtra,2022-08-23T15:09:23.786Z
Rajesh,"{ ""$undefined"": true }",radya,20,Female,C/202 Shree Samartha Krupa Nandivili Road,walimbe@gmail.com,Dombivili,Mumbai,421201,Maharashtra,2022-08-23T15:09:23.786Z
"{ ""$undefined"": true }","{ ""$undefined"": true }",Pushkar,13,Female,C/202 Shree Samartha Krupa Nandivili Road,walimbe@gmail.com,Dombivili,Mumbai,421201,Maharashtra,2022-08-23T15:09:23.791Z
"{ ""$undefined"": true }",erfrefre,Atharv,34,Female,C/202 Shree Samartha Krupa Nandivili Road,hagray@gmail.com,Dombivili,Mumbai,421201,Maharashtra,2022-08-23T15:09:23.791Z
"{ ""$undefined"": true }",atshlwhf,Atharv,34,Female,C/202 Shree Samartha Krupa Nandivili Road,atharvdesai2002@gmail.com,Dombivili,Mumbai,421201,Maharashtra,2022-08-23T15:09:23.792Z
Rajesh,erfrefre,radya,20,Female,C/202 Shree Samartha Krupa Nandivili Road,pushkar@gmail.com,Dombivili,Mumbai,421201,Maharashtra,2022-08-23T15:09:23.793Z
"{ ""$undefined"": true }","{ ""$undefined"": true }",Pushkar,13,Female,C/202 Shree Samartha Krupa Nandivili Road,atharvdesai2002@gmail.com,Dombivili,Mumbai,421201,Maharashtra,2022-08-23T15:09:23.793Z
"{ ""$undefined"": true }","{ ""$undefined"": true }",Atharv,13,Female,C/202 Shree Samartha Krupa Nandivili Road,pushkar@gmail.com,Dombivili,Mumbai,421201,Maharashtra,2022-08-23T15:09:23.794Z
Rajesh,"{ ""$undefined"": true }",radya,34,Male,C/202 Shree Samartha Krupa Nandivili Road,walimbe@gmail.com,Dombivili,Mumbai,421201,Maharashtra,2022-08-23T15:09:23.795Z
"{ ""$undefined"": true }",erfrefre,"{ ""$undefined"": true }",13,Female,C/202 Shree Samartha Krupa Nandivili Road,walimbe@gmail.com,Dombivili,Mumbai,421201,Maharashtra,2022-08-23T15:09:23.795Z
Rajesh,"{ ""$undefined"": true }","{ ""$undefined"": true }",34,Male,C/202 Shree Samartha Krupa Nandivili Road,atharvdesai2002@gmail.com,Dombivili,Mumbai,421201,Maharashtra,2022-08-23T15:09:23.796Z
Kamlesh,rfsfvfvffv,Atharv,20,Female,C/202 Shree Samartha Krupa Nandivili Road,atharvdesai2002@gmail.com,Dombivili,Mumbai,421201,Maharashtra,2022-08-23T15:09:23.797Z
"{ ""$undefined"": true }",atshlwhf,radya,20,Male,C/202 Shree Samartha Krupa Nandivili Road,pushkar@gmail.com,Dombivili,Mumbai,421201,Maharashtra,2022-08-23T15:09:23.798Z
Mahesh,wrffsdfdsdf,Atharv,34,Female,C/202 Shree Samartha Krupa Nandivili Road,atharvdesai2002@gmail.com,Dombivili,Mumbai,421201,Maharashtra,2022-08-23T15:09:23.798Z
Rajesh,"{ ""$undefined"": true }",Pushkar,34,Male,C/202 Shree Samartha Krupa Nandivili Road,walimbe@gmail.com,Dombivili,Mumbai,421201,Maharashtra,2022-08-23T15:09:23.799Z
"{ ""$undefined"": true }","{ ""$undefined"": true }","{ ""$undefined"": true }",34,Female,C/202 Shree Samartha Krupa Nandivili Road,pushkar@gmail.com,Dombivili,Mumbai,421201,Maharashtra,2022-08-23T15:09:23.800Z
Mahesh,"{ ""$undefined"": true }",hagraya,20,Female,C/202 Shree Samartha Krupa Nandivili Road,atharvdesai2002@gmail.com,Dombivili,Mumbai,421201,Maharashtra,2022-08-23T15:09:23.800Z
Kamlesh,"{ ""$undefined"": true }",radya,20,Male,C/202 Shree Samartha Krupa Nandivili Road,hagray@gmail.com,Dombivili,Mumbai,421201,Maharashtra,2022-08-23T15:09:23.801Z
"{ ""$undefined"": true }","{ ""$undefined"": true }",radya,20,Male,C/202 Shree Samartha Krupa Nandivili Road,hagray@gmail.com,Dombivili,Mumbai,421201,Maharashtra,2022-08-23T15:09:23.802Z
"{ ""$undefined"": true }","{ ""$undefined"": true }",hagraya,34,Female,C/202 Shree Samartha Krupa Nandivili Road,atharvdesai2002@gmail.com,Dombivili,Mumbai,421201,Maharashtra,2022-08-23T15:09:23.802Z
Rajesh,"{ ""$undefined"": true }",Pushkar,34,Female,C/202 Shree Samartha Krupa Nandivili Road,hagray@gmail.com,Dombivili,Mumbai,421201,Maharashtra,2022-08-23T15:09:23.803Z
Kamlesh,erfrefre,radya,20,Female,C/202 Shree Samartha Krupa Nandivili Road,pushkar@gmail.com,Dombivili,Mumbai,421201,Maharashtra,2022-08-23T15:09:23.803Z
Suresh,erfrefre,radya,34,Male,C/202 Shree Samartha Krupa Nandivili Road,atharvdesai2002@gmail.com,Dombivili,Mumbai,421201,Maharashtra,2022-08-23T15:09:23.804Z
"{ ""$undefined"": true }","{ ""$undefined"": true }",hagraya,34,Male,C/202 Shree Samartha Krupa Nandivili Road,pushkar@gmail.com,Dombivili,Mumbai,421201,Maharashtra,2022-08-23T15:09:23.805Z
Mahesh,erfrefre,"{ ""$undefined"": true }",34,Male,C/202 Shree Samartha Krupa Nandivili Road,walimbe@gmail.com,Dombivili,Mumbai,421201,Maharashtra,2022-08-23T15:09:23.805Z
Mahesh,"{ ""$undefined"": true }","{ ""$undefined"": true }",34,Female,C/202 Shree Samartha Krupa Nandivili Road,walimbe@gmail.com,Dombivili,Mumbai,421201,Maharashtra,2022-08-23T15:09:23.806Z
Mahesh,atshlwhf,"{ ""$undefined"": true }",20,Male,C/202 Shree Samartha Krupa Nandivili Road,walimbe@gmail.com,Dombivili,Mumbai,421201,Maharashtra,2022-08-23T15:09:23.807Z
"{ ""$undefined"": true }","{ ""$undefined"": true }",Atharv,34,Female,C/202 Shree Samartha Krupa Nandivili Road,atharvdesai2002@gmail.com,Dombivili,Mumbai,421201,Maharashtra,2022-08-23T15:09:23.807Z
"{ ""$undefined"": true }","{ ""$undefined"": true }",Pushkar,34,Female,C/202 Shree Samartha Krupa Nandivili Road,walimbe@gmail.com,Dombivili,Mumbai,421201,Maharashtra,2022-08-23T15:09:23.808Z
"{ ""$undefined"": true }","{ ""$undefined"": true }","{ ""$undefined"": true }",13,Female,C/202 Shree Samartha Krupa Nandivili Road,atharvdesai2002@gmail.com,Dombivili,Mumbai,421201,Maharashtra,2022-08-23T15:09:23.808Z
Suresh,rfsfvfvffv,Pushkar,13,Female,C/202 Shree Samartha Krupa Nandivili Road,walimbe@gmail.com,Dombivili,Mumbai,421201,Maharashtra,2022-08-23T15:09:23.809Z
Suresh,"{ ""$undefined"": true }","{ ""$undefined"": true }",20,Male,C/202 Shree Samartha Krupa Nandivili Road,pushkar@gmail.com,Dombivili,Mumbai,421201,Maharashtra,2022-08-23T15:09:23.809Z
"{ ""$undefined"": true }",wrffsdfdsdf,"{ ""$undefined"": true }",20,Female,C/202 Shree Samartha Krupa Nandivili Road,walimbe@gmail.com,Dombivili,Mumbai,421201,Maharashtra,2022-08-23T15:09:23.810Z
"{ ""$undefined"": true }","{ ""$undefined"": true }",Atharv,20,Male,C/202 Shree Samartha Krupa Nandivili Road,atharvdesai2002@gmail.com,Dombivili,Mumbai,421201,Maharashtra,2022-08-23T15:09:23.811Z
Kamlesh,atshlwhf,hagraya,13,Female,C/202 Shree Samartha Krupa Nandivili Road,pushkar@gmail.com,Dombivili,Mumbai,421201,Maharashtra,2022-08-23T15:09:23.811Z
Rajesh,"{ ""$undefined"": true }",Atharv,34,Female,C/202 Shree Samartha Krupa Nandivili Road,walimbe@gmail.com,Dombivili,Mumbai,421201,Maharashtra,2022-08-23T15:09:23.812Z
Suresh,rfsfvfvffv,Atharv,34,Male,C/202 Shree Samartha Krupa Nandivili Road,atharvdesai2002@gmail.com,Dombivili,Mumbai,421201,Maharashtra,2022-08-23T15:09:23.813Z
Kamlesh,erfrefre,hagraya,34,Female,C/202 Shree Samartha Krupa Nandivili Road,walimbe@gmail.com,Dombivili,Mumbai,421201,Maharashtra,2022-08-23T15:09:23.813Z
Kamlesh,atshlwhf,hagraya,20,Female,C/202 Shree Samartha Krupa Nandivili Road,walimbe@gmail.com,Dombivili,Mumbai,421201,Maharashtra,2022-08-23T15:09:23.814Z
Kamlesh,"{ ""$undefined"": true }","{ ""$undefined"": true }",34,Male,C/202 Shree Samartha Krupa Nandivili Road,pushkar@gmail.com,Dombivili,Mumbai,421201,Maharashtra,2022-08-23T15:09:23.814Z
Rajesh,wrffsdfdsdf,Pushkar,34,Male,C/202 Shree Samartha Krupa Nandivili Road,pushkar@gmail.com,Dombivili,Mumbai,421201,Maharashtra,2022-08-23T15:09:23.815Z
Rajesh,"{ ""$undefined"": true }",Pushkar,34,Female,C/202 Shree Samartha Krupa Nandivili Road,hagray@gmail.com,Dombivili,Mumbai,421201,Maharashtra,2022-08-23T15:09:23.816Z
"{ ""$undefined"": true }",erfrefre,Pushkar,13,Male,C/202 Shree Samartha Krupa Nandivili Road,pushkar@gmail.com,Dombivili,Mumbai,421201,Maharashtra,2022-08-23T15:09:23.817Z
"{ ""$undefined"": true }","{ ""$undefined"": true }","{ ""$undefined"": true }",34,Male,C/202 Shree Samartha Krupa Nandivili Road,hagray@gmail.com,Dombivili,Mumbai,421201,Maharashtra,2022-08-23T15:09:23.817Z
Mahesh,atshlwhf,"{ ""$undefined"": true }",20,Male,C/202 Shree Samartha Krupa Nandivili Road,walimbe@gmail.com,Dombivili,Mumbai,421201,Maharashtra,2022-08-23T15:09:23.818Z
"{ ""$undefined"": true }",erfrefre,"{ ""$undefined"": true }",34,Male,C/202 Shree Samartha Krupa Nandivili Road,pushkar@gmail.com,Dombivili,Mumbai,421201,Maharashtra,2022-08-23T15:09:23.818Z
"{ ""$undefined"": true }","{ ""$undefined"": true }",Atharv,34,Female,C/202 Shree Samartha Krupa Nandivili Road,pushkar@gmail.com,Dombivili,Mumbai,421201,Maharashtra,2022-08-23T15:09:23.819Z
"{ ""$undefined"": true }",rfsfvfvffv,"{ ""$undefined"": true }",34,Male,C/202 Shree Samartha Krupa Nandivili Road,walimbe@gmail.com,Dombivili,Mumbai,421201,Maharashtra,2022-08-23T15:09:23.819Z
Rajesh,rfsfvfvffv,Pushkar,20,Female,C/202 Shree Samartha Krupa Nandivili Road,pushkar@gmail.com,Dombivili,Mumbai,421201,Maharashtra,2022-08-23T15:09:23.820Z
Mahesh,atshlwhf,radya,13,Male,C/202 Shree Samartha Krupa Nandivili Road,walimbe@gmail.com,Dombivili,Mumbai,421201,Maharashtra,2022-08-23T15:09:23.820Z
"{ ""$undefined"": true }","{ ""$undefined"": true }",Pushkar,34,Female,C/202 Shree Samartha Krupa Nandivili Road,walimbe@gmail.com,Dombivili,Mumbai,421201,Maharashtra,2022-08-23T15:09:23.821Z
"{ ""$undefined"": true }",wrffsdfdsdf,hagraya,13,Male,C/202 Shree Samartha Krupa Nandivili Road,walimbe@gmail.com,Dombivili,Mumbai,421201,Maharashtra,2022-08-23T15:09:23.822Z
"{ ""$undefined"": true }","{ ""$undefined"": true }",Pushkar,13,Female,C/202 Shree Samartha Krupa Nandivili Road,walimbe@gmail.com,Dombivili,Mumbai,421201,Maharashtra,2022-08-23T15:09:23.822Z
Rajesh,erfrefre,hagraya,34,Male,C/202 Shree Samartha Krupa Nandivili Road,pushkar@gmail.com,Dombivili,Mumbai,421201,Maharashtra,2022-08-23T15:09:23.823Z
Mahesh,erfrefre,Pushkar,34,Male,C/202 Shree Samartha Krupa Nandivili Road,pushkar@gmail.com,Dombivili,Mumbai,421201,Maharashtra,2022-08-23T15:09:23.823Z
"{ ""$undefined"": true }",atshlwhf,Pushkar,20,Male,C/202 Shree Samartha Krupa Nandivili Road,hagray@gmail.com,Dombivili,Mumbai,421201,Maharashtra,2022-08-23T15:09:23.824Z
Rajesh,"{ ""$undefined"": true }",radya,34,Female,C/202 Shree Samartha Krupa Nandivili Road,pushkar@gmail.com,Dombivili,Mumbai,421201,Maharashtra,2022-08-23T15:09:23.824Z
"{ ""$undefined"": true }",wrffsdfdsdf,Pushkar,34,Female,C/202 Shree Samartha Krupa Nandivili Road,pushkar@gmail.com,Dombivili,Mumbai,421201,Maharashtra,2022-08-23T15:09:23.825Z
"{ ""$undefined"": true }",wrffsdfdsdf,"{ ""$undefined"": true }",13,Female,C/202 Shree Samartha Krupa Nandivili Road,walimbe@gmail.com,Dombivili,Mumbai,421201,Maharashtra,2022-08-23T15:09:23.825Z
"{ ""$undefined"": true }",rfsfvfvffv,"{ ""$undefined"": true }",34,Female,C/202 Shree Samartha Krupa Nandivili Road,pushkar@gmail.com,Dombivili,Mumbai,421201,Maharashtra,2022-08-23T15:09:23.826Z
"{ ""$undefined"": true }","{ ""$undefined"": true }","{ ""$undefined"": true }",34,Male,C/202 Shree Samartha Krupa Nandivili Road,pushkar@gmail.com,Dombivili,Mumbai,421201,Maharashtra,2022-08-23T15:09:23.827Z
Kamlesh,erfrefre,hagraya,20,Male,C/202 Shree Samartha Krupa Nandivili Road,walimbe@gmail.com,Dombivili,Mumbai,421201,Maharashtra,2022-08-23T15:09:23.828Z
"{ ""$undefined"": true }","{ ""$undefined"": true }",radya,34,Male,C/202 Shree Samartha Krupa Nandivili Road,atharvdesai2002@gmail.com,Dombivili,Mumbai,421201,Maharashtra,2022-08-23T15:09:23.829Z
Mahesh,atshlwhf,Atharv,34,Male,C/202 Shree Samartha Krupa Nandivili Road,pushkar@gmail.com,Dombivili,Mumbai,421201,Maharashtra,2022-08-23T15:09:23.829Z
"{ ""$undefined"": true }","{ ""$undefined"": true }","{ ""$undefined"": true }",34,Female,C/202 Shree Samartha Krupa Nandivili Road,walimbe@gmail.com,Dombivili,Mumbai,421201,Maharashtra,2022-08-23T15:09:23.830Z
Mahesh,"{ ""$undefined"": true }","{ ""$undefined"": true }",20,Female,C/202 Shree Samartha Krupa Nandivili Road,hagray@gmail.com,Dombivili,Mumbai,421201,Maharashtra,2022-08-23T15:09:23.831Z
Rajesh,"{ ""$undefined"": true }","{ ""$undefined"": true }",20,Male,C/202 Shree Samartha Krupa Nandivili Road,hagray@gmail.com,Dombivili,Mumbai,421201,Maharashtra,2022-08-23T15:09:23.831Z
Kamlesh,"{ ""$undefined"": true }","{ ""$undefined"": true }",34,Male,C/202 Shree Samartha Krupa Nandivili Road,pushkar@gmail.com,Dombivili,Mumbai,421201,Maharashtra,2022-08-23T15:09:23.832Z
Mahesh,atshlwhf,"{ ""$undefined"": true }",20,Female,C/202 Shree Samartha Krupa Nandivili Road,hagray@gmail.com,Dombivili,Mumbai,421201,Maharashtra,2022-08-23T15:09:23.832Z
"{ ""$undefined"": true }",atshlwhf,hagraya,20,Male,C/202 Shree Samartha Krupa Nandivili Road,atharvdesai2002@gmail.com,Dombivili,Mumbai,421201,Maharashtra,2022-08-23T15:09:23.833Z
Kamlesh,"{ ""$undefined"": true }",radya,13,Male,C/202 Shree Samartha Krupa Nandivili Road,walimbe@gmail.com,Dombivili,Mumbai,421201,Maharashtra,2022-08-23T15:09:23.833Z
Mahesh,"{ ""$undefined"": true }",radya,13,Male,C/202 Shree Samartha Krupa Nandivili Road,pushkar@gmail.com,Dombivili,Mumbai,421201,Maharashtra,2022-08-23T15:09:23.834Z
"{ ""$undefined"": true }","{ ""$undefined"": true }","{ ""$undefined"": true }",34,Female,C/202 Shree Samartha Krupa Nandivili Road,hagray@gmail.com,Dombivili,Mumbai,421201,Maharashtra,2022-08-23T15:09:23.835Z
Kamlesh,rfsfvfvffv,hagraya,34,Male,C/202 Shree Samartha Krupa Nandivili Road,atharvdesai2002@gmail.com,Dombivili,Mumbai,421201,Maharashtra,2022-08-23T15:09:23.835Z
"{ ""$undefined"": true }","{ ""$undefined"": true }","{ ""$undefined"": true }",34,Female,C/202 Shree Samartha Krupa Nandivili Road,pushkar@gmail.com,Dombivili,Mumbai,421201,Maharashtra,2022-08-23T15:09:23.836Z
Mahesh,"{ ""$undefined"": true }","{ ""$undefined"": true }",20,Female,C/202 Shree Samartha Krupa Nandivili Road,atharvdesai2002@gmail.com,Dombivili,Mumbai,421201,Maharashtra,2022-08-23T15:09:23.836Z
"{ ""$undefined"": true }",erfrefre,Atharv,20,Female,C/202 Shree Samartha Krupa Nandivili Road,pushkar@gmail.com,Dombivili,Mumbai,421201,Maharashtra,2022-08-23T15:09:23.837Z
"{ ""$undefined"": true }",atshlwhf,"{ ""$undefined"": true }",34,Male,C/202 Shree Samartha Krupa Nandivili Road,hagray@gmail.com,Dombivili,Mumbai,421201,Maharashtra,2022-08-23T15:09:23.837Z
"{ ""$undefined"": true }","{ ""$undefined"": true }",Pushkar,34,Female,C/202 Shree Samartha Krupa Nandivili Road,walimbe@gmail.com,Dombivili,Mumbai,421201,Maharashtra,2022-08-23T15:09:23.838Z
"{ ""$undefined"": true }",wrffsdfdsdf,Atharv,13,Male,C/202 Shree Samartha Krupa Nandivili Road,walimbe@gmail.com,Dombivili,Mumbai,421201,Maharashtra,2022-08-23T15:09:23.838Z
"{ ""$undefined"": true }",atshlwhf,hagraya,34,Female,C/202 Shree Samartha Krupa Nandivili Road,atharvdesai2002@gmail.com,Dombivili,Mumbai,421201,Maharashtra,2022-08-23T15:09:23.839Z
"{ ""$undefined"": true }","{ ""$undefined"": true }",radya,13,Male,C/202 Shree Samartha Krupa Nandivili Road,atharvdesai2002@gmail.com,Dombivili,Mumbai,421201,Maharashtra,2022-08-23T15:09:23.839Z
"{ ""$undefined"": true }","{ ""$undefined"": true }",hagraya,20,Female,C/202 Shree Samartha Krupa Nandivili Road,atharvdesai2002@gmail.com,Dombivili,Mumbai,421201,Maharashtra,2022-08-23T15:09:23.840Z
Mahesh,"{ ""$undefined"": true }",hagraya,34,Male,C/202 Shree Samartha Krupa Nandivili Road,pushkar@gmail.com,Dombivili,Mumbai,421201,Maharashtra,2022-08-23T15:09:23.841Z
Rajesh,"{ ""$undefined"": true }",hagraya,34,Male,C/202 Shree Samartha Krupa Nandivili Road,pushkar@gmail.com,Dombivili,Mumbai,421201,Maharashtra,2022-08-23T15:09:23.841Z
Mahesh,rfsfvfvffv,"{ ""$undefined"": true }",34,Male,C/202 Shree Samartha Krupa Nandivili Road,atharvdesai2002@gmail.com,Dombivili,Mumbai,421201,Maharashtra,2022-08-23T15:09:23.842Z
Kamlesh,"{ ""$undefined"": true }",hagraya,34,Male,C/202 Shree Samartha Krupa Nandivili Road,walimbe@gmail.com,Dombivili,Mumbai,421201,Maharashtra,2022-08-23T15:09:23.842Z
Mahesh,erfrefre,hagraya,20,Male,C/202 Shree Samartha Krupa Nandivili Road,walimbe@gmail.com,Dombivili,Mumbai,421201,Maharashtra,2022-08-23T15:09:23.843Z
"{ ""$undefined"": true }","{ ""$undefined"": true }","{ ""$undefined"": true }",13,Female,C/202 Shree Samartha Krupa Nandivili Road,pushkar@gmail.com,Dombivili,Mumbai,421201,Maharashtra,2022-08-23T15:09:23.843Z
Kamlesh,atshlwhf,"{ ""$undefined"": true }",20,Male,C/202 Shree Samartha Krupa Nandivili Road,atharvdesai2002@gmail.com,Dombivili,Mumbai,421201,Maharashtra,2022-08-23T15:09:23.844Z
Suresh,"{ ""$undefined"": true }",radya,34,Female,C/202 Shree Samartha Krupa Nandivili Road,pushkar@gmail.com,Dombivili,Mumbai,421201,Maharashtra,2022-08-23T15:09:23.844Z
"{ ""$undefined"": true }",erfrefre,"{ ""$undefined"": true }",13,Female,C/202 Shree Samartha Krupa Nandivili Road,hagray@gmail.com,Dombivili,Mumbai,421201,Maharashtra,2022-08-23T15:09:23.845Z
"{ ""$undefined"": true }","{ ""$undefined"": true }","{ ""$undefined"": true }",13,Female,C/202 Shree Samartha Krupa Nandivili Road,hagray@gmail.com,Dombivili,Mumbai,421201,Maharashtra,2022-08-23T15:09:23.846Z
Kamlesh,"{ ""$undefined"": true }","{ ""$undefined"": true }",34,Male,C/202 Shree Samartha Krupa Nandivili Road,atharvdesai2002@gmail.com,Dombivili,Mumbai,421201,Maharashtra,2022-08-23T15:09:23.847Z
"{ ""$undefined"": true }","{ ""$undefined"": true }",hagraya,13,Male,C/202 Shree Samartha Krupa Nandivili Road,walimbe@gmail.com,Dombivili,Mumbai,421201,Maharashtra,2022-08-23T15:09:23.848Z
"{ ""$undefined"": true }","{ ""$undefined"": true }",radya,34,Male,C/202 Shree Samartha Krupa Nandivili Road,walimbe@gmail.com,Dombivili,Mumbai,421201,Maharashtra,2022-08-23T15:09:23.849Z
Suresh,"{ ""$undefined"": true }","{ ""$undefined"": true }",34,Female,C/202 Shree Samartha Krupa Nandivili Road,hagray@gmail.com,Dombivili,Mumbai,421201,Maharashtra,2022-08-23T15:09:23.849Z
Suresh,rfsfvfvffv,"{ ""$undefined"": true }",34,Female,C/202 Shree Samartha Krupa Nandivili Road,walimbe@gmail.com,Dombivili,Mumbai,421201,Maharashtra,2022-08-23T15:09:23.850Z
Mahesh,rfsfvfvffv,"{ ""$undefined"": true }",13,Female,C/202 Shree Samartha Krupa Nandivili Road,walimbe@gmail.com,Dombivili,Mumbai,421201,Maharashtra,2022-08-23T15:09:23.851Z
"{ ""$undefined"": true }","{ ""$undefined"": true }",Atharv,13,Male,C/202 Shree Samartha Krupa Nandivili Road,pushkar@gmail.com,Dombivili,Mumbai,421201,Maharashtra,2022-08-23T15:09:23.851Z
Kamlesh,"{ ""$undefined"": true }","{ ""$undefined"": true }",13,Female,C/202 Shree Samartha Krupa Nandivili Road,walimbe@gmail.com,Dombivili,Mumbai,421201,Maharashtra,2022-08-23T15:09:23.852Z
Kamlesh,"{ ""$undefined"": true }",radya,34,Female,C/202 Shree Samartha Krupa Nandivili Road,atharvdesai2002@gmail.com,Dombivili,Mumbai,421201,Maharashtra,2022-08-23T15:09:23.852Z
"{ ""$undefined"": true }",wrffsdfdsdf,Atharv,34,Female,C/202 Shree Samartha Krupa Nandivili Road,pushkar@gmail.com,Dombivili,Mumbai,421201,Maharashtra,2022-08-23T15:09:23.853Z
Kamlesh,"{ ""$undefined"": true }",Pushkar,34,Male,C/202 Shree Samartha Krupa Nandivili Road,atharvdesai2002@gmail.com,Dombivili,Mumbai,421201,Maharashtra,2022-08-23T15:09:23.853Z
Kamlesh,"{ ""$undefined"": true }",hagraya,20,Female,C/202 Shree Samartha Krupa Nandivili Road,atharvdesai2002@gmail.com,Dombivili,Mumbai,421201,Maharashtra,2022-08-23T15:09:23.854Z
"{ ""$undefined"": true }","{ ""$undefined"": true }",radya,20,Male,C/202 Shree Samartha Krupa Nandivili Road,walimbe@gmail.com,Dombivili,Mumbai,421201,Maharashtra,2022-08-23T15:09:23.855Z
Rajesh,atshlwhf,"{ ""$undefined"": true }",34,Male,C/202 Shree Samartha Krupa Nandivili Road,walimbe@gmail.com,Dombivili,Mumbai,421201,Maharashtra,2022-08-23T15:09:23.855Z
"{ ""$undefined"": true }",atshlwhf,"{ ""$undefined"": true }",13,Female,C/202 Shree Samartha Krupa Nandivili Road,pushkar@gmail.com,Dombivili,Mumbai,421201,Maharashtra,2022-08-23T15:09:23.856Z
Rajesh,"{ ""$undefined"": true }",radya,34,Female,C/202 Shree Samartha Krupa Nandivili Road,pushkar@gmail.com,Dombivili,Mumbai,421201,Maharashtra,2022-08-23T15:09:23.856Z
Mahesh,erfrefre,"{ ""$undefined"": true }",34,Male,C/202 Shree Samartha Krupa Nandivili Road,pushkar@gmail.com,Dombivili,Mumbai,421201,Maharashtra,2022-08-23T15:09:23.857Z
Mahesh,"{ ""$undefined"": true }","{ ""$undefined"": true }",20,Male,C/202 Shree Samartha Krupa Nandivili Road,atharvdesai2002@gmail.com,Dombivili,Mumbai,421201,Maharashtra,2022-08-23T15:09:23.857Z
"{ ""$undefined"": true }","{ ""$undefined"": true }",radya,20,Female,C/202 Shree Samartha Krupa Nandivili Road,pushkar@gmail.com,Dombivili,Mumbai,421201,Maharashtra,2022-08-23T15:09:23.858Z
"{ ""$undefined"": true }","{ ""$undefined"": true }","{ ""$undefined"": true }",34,Female,C/202 Shree Samartha Krupa Nandivili Road,pushkar@gmail.com,Dombivili,Mumbai,421201,Maharashtra,2022-08-23T15:09:23.859Z
"{ ""$undefined"": true }",atshlwhf,Atharv,34,Male,C/202 Shree Samartha Krupa Nandivili Road,pushkar@gmail.com,Dombivili,Mumbai,421201,Maharashtra,2022-08-23T15:09:23.859Z
"{ ""$undefined"": true }",erfrefre,Atharv,34,Female,C/202 Shree Samartha Krupa Nandivili Road,pushkar@gmail.com,Dombivili,Mumbai,421201,Maharashtra,2022-08-23T15:09:23.860Z
Mahesh,"{ ""$undefined"": true }",Pushkar,34,Female,C/202 Shree Samartha Krupa Nandivili Road,atharvdesai2002@gmail.com,Dombivili,Mumbai,421201,Maharashtra,2022-08-23T15:09:23.860Z
"{ ""$undefined"": true }",erfrefre,"{ ""$undefined"": true }",13,Male,C/202 Shree Samartha Krupa Nandivili Road,pushkar@gmail.com,Dombivili,Mumbai,421201,Maharashtra,2022-08-23T15:09:23.861Z
"{ ""$undefined"": true }",wrffsdfdsdf,"{ ""$undefined"": true }",34,Male,C/202 Shree Samartha Krupa Nandivili Road,hagray@gmail.com,Dombivili,Mumbai,421201,Maharashtra,2022-08-23T15:09:23.861Z
"{ ""$undefined"": true }",erfrefre,Pushkar,13,Male,C/202 Shree Samartha Krupa Nandivili Road,walimbe@gmail.com,Dombivili,Mumbai,421201,Maharashtra,2022-08-23T15:09:23.862Z
Rajesh,atshlwhf,radya,20,Female,C/202 Shree Samartha Krupa Nandivili Road,pushkar@gmail.com,Dombivili,Mumbai,421201,Maharashtra,2022-08-23T15:09:23.863Z
"{ ""$undefined"": true }","{ ""$undefined"": true }",hagraya,13,Male,C/202 Shree Samartha Krupa Nandivili Road,pushkar@gmail.com,Dombivili,Mumbai,421201,Maharashtra,2022-08-23T15:09:23.864Z
